"date","followers","follower_count","new_followers","notable_followers","posts","replies","reposts","likes","quotes","bookmarks","mentions","mentioned_by"
"2026-08-24",NA,0,NA,NA,0,0,0,0,0,0,0,NA
"2026-08-25","alanstrange.bsky.social, samcardwell44.bsky.social, rosiecofrost.bsky.social, arjay61.bsky.social, thierryaaron.bsky.social",5,NA,NA,0,0,0,0,0,0,0,NA
"2026-08-26","alanstrange.bsky.social, samcardwell44.bsky.social, rosiecofrost.bsky.social, arjay61.bsky.social, thierryaaron.bsky.social",5,NA,NA,0,0,0,0,0,0,1,"thierryaaron.bsky.social"
"2026-08-27","davidweiland.bsky.social, eliasvarden.bsky.social, markosmalley.bsky.social, alanstrange.bsky.social, samcardwell44.bsky.social, rosiecofrost.bsky.social, arjay61.bsky.social, thierryaaron.bsky.social",8,"davidweiland.bsky.social, eliasvarden.bsky.social, markosmalley.bsky.social","eliasvarden.bsky.social(1000)",1,0,5,5,0,0,0,NA
"2026-08-28","thewild.news, davidweiland.bsky.social, eliasvarden.bsky.social, markosmalley.bsky.social, alanstrange.bsky.social, samcardwell44.bsky.social, rosiecofrost.bsky.social, arjay61.bsky.social, thierryaaron.bsky.social",9,"thewild.news","thewild.news(1039)",2,0,4,5,0,0,0,NA
"2026-08-29","thewild.news, davidweiland.bsky.social, eliasvarden.bsky.social, markosmalley.bsky.social, alanstrange.bsky.social, samcardwell44.bsky.social, rosiecofrost.bsky.social, arjay61.bsky.social, thierryaaron.bsky.social",9,"","",3,0,5,5,0,0,0,NA
"2026-08-30","faultfinderuk.bsky.social, thewild.news, davidweiland.bsky.social, eliasvarden.bsky.social, markosmalley.bsky.social, alanstrange.bsky.social, samcardwell44.bsky.social, rosiecofrost.bsky.social, arjay61.bsky.social, thierryaaron.bsky.social",10,"faultfinderuk.bsky.social","faultfinderuk.bsky.social(767)",3,0,4,5,0,0,0,NA
"2026-08-31","faultfinderuk.bsky.social, thewild.news, davidweiland.bsky.social, eliasvarden.bsky.social, markosmalley.bsky.social, alanstrange.bsky.social, samcardwell44.bsky.social, rosiecofrost.bsky.social, arjay61.bsky.social, thierryaaron.bsky.social",10,"","",3,0,5,5,0,0,0,NA
"2026-09-01","faultfinderuk.bsky.social, thewild.news, davidweiland.bsky.social, eliasvarden.bsky.social, markosmalley.bsky.social, alanstrange.bsky.social, samcardwell44.bsky.social, rosiecofrost.bsky.social, arjay61.bsky.social, thierryaaron.bsky.social",10,"","",4,0,4,5,0,0,0,NA
"2026-09-02","faultfinderuk.bsky.social, thewild.news, davidweiland.bsky.social, eliasvarden.bsky.social, markosmalley.bsky.social, alanstrange.bsky.social, samcardwell44.bsky.social, rosiecofrost.bsky.social, arjay61.bsky.social, thierryaaron.bsky.social",10,"","",4,0,5,5,0,0,0,NA
"2026-09-03","faultfinderuk.bsky.social, thewild.news, davidweiland.bsky.social, markosmalley.bsky.social, alanstrange.bsky.social, samcardwell44.bsky.social, rosiecofrost.bsky.social, arjay61.bsky.social, thierryaaron.bsky.social",9,"","",4,0,4,5,0,0,0,NA
"2026-09-04","faultfinderuk.bsky.social, thewild.news, davidweiland.bsky.social, markosmalley.bsky.social, alanstrange.bsky.social, samcardwell44.bsky.social, rosiecofrost.bsky.social, arjay61.bsky.social, thierryaaron.bsky.social",9,"","",4,0,5,5,0,0,0,NA
"2026-09-05","faultfinderuk.bsky.social, thewild.news, davidweiland.bsky.social, markosmalley.bsky.social, alanstrange.bsky.social, samcardwell44.bsky.social, rosiecofrost.bsky.social, arjay61.bsky.social, thierryaaron.bsky.social",9,"","",4,0,4,5,0,0,0,NA
"2026-09-06","faultfinderuk.bsky.social, thewild.news, davidweiland.bsky.social, markosmalley.bsky.social, alanstrange.bsky.social, samcardwell44.bsky.social, rosiecofrost.bsky.social, arjay61.bsky.social, thierryaaron.bsky.social",9,"","",4,0,5,5,0,0,0,NA
"2026-09-07","faultfinderuk.bsky.social, thewild.news, davidweiland.bsky.social, markosmalley.bsky.social, alanstrange.bsky.social, samcardwell44.bsky.social, rosiecofrost.bsky.social, arjay61.bsky.social, thierryaaron.bsky.social",9,"","",4,0,4,5,0,0,0,NA
"2026-09-08","faultfinderuk.bsky.social, thewild.news, davidweiland.bsky.social, markosmalley.bsky.social, alanstrange.bsky.social, samcardwell44.bsky.social, rosiecofrost.bsky.social, arjay61.bsky.social, thierryaaron.bsky.social",9,"","",4,0,5,5,0,0,0,NA
"2026-09-09","faultfinderuk.bsky.social, thewild.news, davidweiland.bsky.social, markosmalley.bsky.social, alanstrange.bsky.social, samcardwell44.bsky.social, rosiecofrost.bsky.social, arjay61.bsky.social, thierryaaron.bsky.social",9,"","",4,0,4,5,0,0,0,NA
"2026-09-10","faultfinderuk.bsky.social, thewild.news, davidweiland.bsky.social, markosmalley.bsky.social, alanstrange.bsky.social, samcardwell44.bsky.social, rosiecofrost.bsky.social, arjay61.bsky.social, thierryaaron.bsky.social",9,"","",4,0,5,5,0,0,0,NA
"2026-09-11","faultfinderuk.bsky.social, thewild.news, davidweiland.bsky.social, markosmalley.bsky.social, alanstrange.bsky.social, samcardwell44.bsky.social, rosiecofrost.bsky.social, arjay61.bsky.social, thierryaaron.bsky.social",9,"","",4,0,4,5,0,0,0,NA
"2026-09-12","faultfinderuk.bsky.social, thewild.news, davidweiland.bsky.social, markosmalley.bsky.social, alanstrange.bsky.social, samcardwell44.bsky.social, rosiecofrost.bsky.social, arjay61.bsky.social, thierryaaron.bsky.social",9,"","",4,0,5,5,0,0,0,NA
"2026-09-13","faultfinderuk.bsky.social, thewild.news, davidweiland.bsky.social, markosmalley.bsky.social, alanstrange.bsky.social, samcardwell44.bsky.social, rosiecofrost.bsky.social, arjay61.bsky.social, thierryaaron.bsky.social",9,"","",4,0,4,5,0,0,0,NA
"2026-09-14","faultfinderuk.bsky.social, thewild.news, davidweiland.bsky.social, markosmalley.bsky.social, alanstrange.bsky.social, samcardwell44.bsky.social, rosiecofrost.bsky.social, arjay61.bsky.social, thierryaaron.bsky.social",9,"","",4,0,5,5,0,0,0,NA
"2026-09-15","environmentalfest.bsky.social, faultfinderuk.bsky.social, davidweiland.bsky.social, markosmalley.bsky.social, alanstrange.bsky.social, samcardwell44.bsky.social, rosiecofrost.bsky.social, arjay61.bsky.social, thierryaaron.bsky.social",9,"environmentalfest.bsky.social","environmentalfest.bsky.social(1056)",4,0,4,5,0,0,0,NA
"2026-09-16","environmentalfest.bsky.social, faultfinderuk.bsky.social, davidweiland.bsky.social, markosmalley.bsky.social, alanstrange.bsky.social, samcardwell44.bsky.social, rosiecofrost.bsky.social, arjay61.bsky.social, thierryaaron.bsky.social",9,"","",4,0,5,5,0,0,0,NA
"2026-09-17","environmentalfest.bsky.social, faultfinderuk.bsky.social, davidweiland.bsky.social, markosmalley.bsky.social, alanstrange.bsky.social, samcardwell44.bsky.social, rosiecofrost.bsky.social, arjay61.bsky.social, thierryaaron.bsky.social",9,"","",4,0,4,5,0,0,0,NA
"2026-09-18","environmentalfest.bsky.social, faultfinderuk.bsky.social, davidweiland.bsky.social, markosmalley.bsky.social, alanstrange.bsky.social, samcardwell44.bsky.social, rosiecofrost.bsky.social, arjay61.bsky.social, thierryaaron.bsky.social",9,"","",4,0,5,5,0,0,0,NA
"2026-09-19","environmentalfest.bsky.social, faultfinderuk.bsky.social, davidweiland.bsky.social, markosmalley.bsky.social, alanstrange.bsky.social, samcardwell44.bsky.social, rosiecofrost.bsky.social, arjay61.bsky.social, thierryaaron.bsky.social",9,"","",5,0,5,6,0,0,0,NA
"2026-09-20","environmentalfest.bsky.social, faultfinderuk.bsky.social, davidweiland.bsky.social, markosmalley.bsky.social, alanstrange.bsky.social, samcardwell44.bsky.social, rosiecofrost.bsky.social, arjay61.bsky.social, thierryaaron.bsky.social",9,"","",5,0,5,5,0,0,0,NA
"2026-09-21","environmentalfest.bsky.social, faultfinderuk.bsky.social, davidweiland.bsky.social, markosmalley.bsky.social, alanstrange.bsky.social, samcardwell44.bsky.social, rosiecofrost.bsky.social, arjay61.bsky.social, thierryaaron.bsky.social",9,"","",5,0,5,6,0,0,0,NA
"2026-09-22","environmentalfest.bsky.social, faultfinderuk.bsky.social, davidweiland.bsky.social, markosmalley.bsky.social, alanstrange.bsky.social, samcardwell44.bsky.social, rosiecofrost.bsky.social, arjay61.bsky.social, thierryaaron.bsky.social",9,"","",6,0,6,6,0,0,0,NA
"2026-09-23","environmentalfest.bsky.social, faultfinderuk.bsky.social, davidweiland.bsky.social, markosmalley.bsky.social, alanstrange.bsky.social, samcardwell44.bsky.social, rosiecofrost.bsky.social, arjay61.bsky.social, thierryaaron.bsky.social",9,"","",6,0,9,10,0,0,0,NA
"2026-09-24","environmentalfest.bsky.social, faultfinderuk.bsky.social, davidweiland.bsky.social, markosmalley.bsky.social, alanstrange.bsky.social, samcardwell44.bsky.social, rosiecofrost.bsky.social, arjay61.bsky.social, thierryaaron.bsky.social",9,"","",8,1,6,6,0,0,0,NA
"2026-09-25","environmentalfest.bsky.social, faultfinderuk.bsky.social, davidweiland.bsky.social, markosmalley.bsky.social, alanstrange.bsky.social, samcardwell44.bsky.social, rosiecofrost.bsky.social, arjay61.bsky.social, thierryaaron.bsky.social",9,"","",8,0,9,12,0,0,0,NA
"2026-09-26","janivast.bsky.social, iceybethan.bsky.social, environmentalfest.bsky.social, faultfinderuk.bsky.social, davidweiland.bsky.social, markosmalley.bsky.social, alanstrange.bsky.social, samcardwell44.bsky.social, rosiecofrost.bsky.social, arjay61.bsky.social, thierryaaron.bsky.social",11,"janivast.bsky.social, iceybethan.bsky.social","iceybethan.bsky.social(1055)",10,2,8,11,1,0,0,NA
